Date,Open,High,Low,Close,Volume,Ticker
2024-04-01,119.64034196118872,119.97360586195711,118.38571722967937,119.120849609375,8419700,DIS
2024-04-02,117.83681940353716,121.08120120837607,117.77801120685709,120.3852767944336,15517100,DIS
2024-04-03,119.84618075050727,121.23803710322646,116.03329465603787,116.62140655517578,22480400,DIS
2024-04-04,116.85664830914125,117.8074207495584,114.64144723459597,114.76886749267578,13815400,DIS
2024-04-05,114.28858165462101,116.50378270150199,113.99453318315051,116.03329467773438,9653900,DIS
2024-04-08,115.68042862631866,116.17051688219354,114.50421980348028,115.02371215820312,6266000,DIS
2024-04-09,115.0531159213108,116.16072016237402,114.57283152583788,115.63142395019531,7451100,DIS
2024-04-10,114.28858191222362,115.22955048372633,114.06314549807011,114.86688995361328,6746300,DIS
2024-04-11,115.25895508508826,115.93527928680113,114.06314599482619,114.82768249511719,6559400,DIS
2024-04-12,114.08274105985384,114.38659337871023,111.47547548539045,111.74992370605469,12155200,DIS
2024-04-15,112.6026785264226,113.25940249338854,110.53450542319854,110.7109375,9637100,DIS
2024-04-16,110.58351285759355,112.23020968307395,110.28945691519755,111.62249755859375,9291400,DIS
2024-04-17,111.74012610185099,111.94596227887071,110.6521295389228,110.70114135742188,7379000,DIS
2024-04-18,110.9363805704606,111.98516916416295,109.96600789434339,110.20124816894531,8235600,DIS
2024-04-19,109.50532141765873,110.48549793234862,108.87800904650948,110.37767791748047,9436000,DIS
2024-04-22,110.85797036342292,111.38726661715761,109.53473346816313,109.76997375488281,6901700,DIS
2024-04-23,110.59331136319571,111.97535627799056,110.56390726601008,111.45586395263672,6839300,DIS
2024-04-24,110.89717612121784,111.91656064762446,110.89717612121784,111.66171264648438,6157200,DIS
2024-04-25,109.0152235162017,110.65211635616808,108.20167528622345,110.53449249267578,8045900,DIS
2024-04-26,109.63274018572056,110.77954489759928,109.1132478364842,110.49530029296875,6304800,DIS
2024-04-29,110.7991533647809,111.62249804201024,108.15267230621531,109.85818481445312,7151200,DIS
2024-04-30,109.77977391858138,109.81898187807359,108.60356504642945,108.89761352539062,8156600,DIS
2024-05-01,109.08384998135736,109.76997058034466,108.02525750450239,108.28990936279297,6338400,DIS
2024-05-02,109.2210767936613,110.63253346426302,108.36832047548044,110.38748931884766,6799800,DIS
2024-05-03,111.28924410523061,111.84794442816256,110.56391556696798,111.40686798095703,7411100,DIS
2024-05-06,112.52426277558132,114.6218398422981,111.88714656862832,114.1611557006836,16303200,DIS
2024-05-07,105.1239330864669,105.74144160966475,102.14419553097325,103.3008041381836,55084600,DIS
2024-05-08,102.82051914685391,104.36919985380266,102.3696388419486,103.34981536865234,15238100,DIS
2024-05-09,102.54607386125994,104.02613507482317,102.32062996325526,103.70268249511719,15096000,DIS
2024-05-10,104.80048324981966,104.89849941696902,103.33021830811686,103.69288635253906,15884600,DIS
2024-05-13,103.49684603723466,104.52603448268788,103.49684603723466,103.73209381103516,9666400,DIS
2024-05-14,103.21259233972849,103.88890906512961,102.86952456924782,103.2615966796875,11278400,DIS
2024-05-15,103.52624366178468,103.78108416515035,99.38009381485858,100.73273468017578,20745600,DIS
2024-05-16,100.99738652085976,101.96775915297889,100.80134673578564,101.32084655761719,9476700,DIS
2024-05-17,101.57568856204418,101.76192449107845,100.99738801337415,101.2032241821289,7356000,DIS
2024-05-20,101.28164467251699,101.61490110989224,100.48769658213702,100.86016845703125,7667400,DIS
2024-05-21,100.94838696997513,101.64431146569636,100.68374257566303,100.9679946899414,7333300,DIS
2024-05-22,100.93858272255528,101.77173128050141,100.71313882943518,100.977783203125,7190300,DIS
2024-05-23,100.93858293304751,100.96798703261287,98.28229794062348,98.6645736694336,10504000,DIS
2024-05-24,98.8507955271662,100.0662122563698,98.6939711805688,99.74275970458984,6451600,DIS
2024-05-28,99.35070159689566,100.82096650906975,98.94882559805413,100.40929412841797,7813100,DIS
2024-05-29,99.7427710544378,100.05642726147691,98.77239085421823,98.88021087646484,7376300,DIS
2024-05-30,99.135055855518,100.04662034786153,98.96842763646094,99.68395233154297,7300600,DIS
2024-05-31,99.50751472397003,102.01677164241558,99.39970218915882,101.85014343261719,14735800,DIS
2024-06-03,102.1049832630769,102.15399507888354,100.44849007858738,100.73273468017578,6908600,DIS
2024-06-04,100.08582257781909,101.43846344979913,99.61533456947858,101.2816390991211,7269100,DIS
2024-06-05,100.95818753547856,101.03660345647663,99.02723848028567,99.48792266845703,10796900,DIS
2024-06-06,99.0468423292974,99.90939499210991,98.81159457549566,99.20366668701172,10294700,DIS
2024-06-07,98.86060975813906,100.24265483752843,98.55675741349643,99.52713012695312,6047800,DIS
2024-06-10,99.24287762886077,100.8111586439083,98.64496932341237,100.70333862304688,7621900,DIS
2024-06-11,100.60531623414907,100.84055650230606,98.74297937236913,98.87040710449219,9134200,DIS
2024-06-12,99.19385292429723,99.67414476507538,98.26268829579767,98.80178833007812,9041800,DIS
2024-06-13,98.61556146281843,99.06644177006879,97.63538493101677,98.10586547851562,10164600,DIS
2024-06-14,97.8314112779928,98.39011156791058,97.28251484667794,97.98824310302734,7087600,DIS
2024-06-17,98.97823381339275,99.89959470855739,98.6253696482135,99.50752258300781,10389000,DIS
2024-06-18,99.11545826094695,99.74277067262383,98.61556611227655,99.48792266845703,7044700,DIS
2024-06-20,98.57635371393253,99.91919825749358,98.39011777948481,99.82117462158203,7886900,DIS
2024-06-21,99.78197619430847,100.50730475042796,99.57613253718121,100.2426528930664,14137300,DIS
2024-06-24,100.2230565599362,101.0366049262799,99.8898001080772,99.95841217041016,7393600,DIS
2024-06-25,100.62492188407056,101.6246986118056,99.75255792953344,100.17403411865234,10296100,DIS
2024-06-26,99.87998598297646,100.3406701305021,99.41930183545084,100.15443420410156,10122300,DIS
2024-06-27,100.01721779994129,100.25245808215209,99.79177389913039,100.14463806152344,8365200,DIS
2024-06-28,99.99760938917574,100.54651334807593,96.42976730801604,97.32173156738281,21439400,DIS
2024-07-01,97.42954483933026,97.76280125722981,95.93967238312965,96.09650421142578,15299000,DIS
2024-07-02,95.99849626843262,96.04750061035156,95.02811607369966,96.04750061035156,13340300,DIS
2024-07-03,95.9004571141922,97.11588125635859,95.89066073428549,96.65519714355469,5030000,DIS
2024-07-05,96.36115681561724,96.36115681561724,95.64563210273951,96.04750061035156,8550800,DIS
2024-07-08,96.19519965762385,96.78601725993649,95.40743784610471,95.88009643554688,8167600,DIS
2024-07-09,95.97857405169502,96.0376535638351,94.67877219603452,95.56500244140625,9044400,DIS
2024-07-10,95.46652313503607,95.79147546541938,94.7772371426962,95.48622131347656,7761100,DIS
2024-07-11,95.52560959409222,96.08688747387278,94.82647451665707,95.12187957763672,7422600,DIS
2024-07-12,95.61422855580784,96.33306180929092,95.49606953685168,95.64376831054688,6465700,DIS
2024-07-15,95.84071680337763,95.99826467322873,95.12188351784218,95.38775634765625,7417700,DIS
2024-07-16,95.5354546208051,97.20944674409364,95.06280350110661,96.96327209472656,10755500,DIS
2024-07-17,96.79587138714375,97.10112553648665,95.05295073004454,95.82101440429688,9456100,DIS
2024-07-18,95.87026077684236,96.5595468239897,95.2006653970473,95.3089828491211,7529400,DIS
2024-07-19,95.33852365466957,95.33852365466957,93.97964221278704,94.2750473022461,9301000,DIS
2024-07-22,93.65468228877093,93.7039202226979,92.05946788897664,92.6896743774414,13377000,DIS
2024-07-23,89.31215175100272,90.28700868391145,88.4554688563691,89.5484848022461,22534700,DIS
2024-07-24,88.8395054307311,89.36139446636126,88.2092989523112,88.42593383789062,11768500,DIS
2024-07-25,88.70165357851543,89.11522519627881,87.84496307373047,87.84496307373047,10765300,DIS
2024-07-26,88.62286841648705,89.16445561742704,87.97296377535908,88.55393981933594,11301900,DIS
2024-07-29,89.00690293376387,91.13385544607864,88.8099662252846,90.7301254272461,13024800,DIS
2024-07-30,90.26731757965156,92.60105593313219,90.26731757965156,92.3548812866211,9896100,DIS
2024-07-31,92.35487704295531,93.38880600320093,92.20717075930489,92.25640869140625,10241800,DIS
2024-08-01,92.42380888634592,92.5124281520564,91.18308657782178,91.62620544433594,9263600,DIS
2024-08-02,90.74981289846646,90.78919422539278,87.6381621855792,88.1994400024414,15433600,DIS
2024-08-05,85.56045514710817,88.189598433811,85.09764563340657,86.43683624267578,19103200,DIS
2024-08-06,86.8799569975094,90.5036479881022,86.6140841800093,88.59333038330078,21717500,DIS
2024-08-07,86.65346971926473,87.87449377994776,84.43789805030626,84.64468383789062,30581900,DIS
2024-08-08,83.8470804411147,85.00902499467462,82.62605638043168,84.64468383789062,21890500,DIS
2024-08-09,84.81208382380636,84.93025035494252,83.4138136789706,84.89086151123047,16008400,DIS
2024-08-12,84.54621502934737,85.05825495115853,84.17203229851049,84.63483428955078,11754600,DIS
2024-08-13,85.13703297700468,85.13703297700468,84.00462817861114,84.29019165039062,14615200,DIS
2024-08-14,84.69392108821646,85.21581009735196,84.25080225039414,84.97948455810547,9475100,DIS
2024-08-15,85.91494462523812,87.56923841537635,85.87555578349037,87.43138122558594,12401000,DIS
2024-08-16,87.59877709677801,88.29791212577659,86.98826132613758,87.93357849121094,10277700,DIS
2024-08-19,88.04189219960773,89.55832120455679,88.04189219960773,89.43031311035156,9723600,DIS
2024-08-20,89.0069074103707,89.28262182117031,87.94343110072573,88.36685180664062,8863400,DIS
2024-08-21,88.83950648726407,89.39093528427594,88.0615937128201,89.33185577392578,7637600,DIS
2024-08-22,89.59771740064136,89.98174922744127,88.32745539174412,88.5440902709961,7613000,DIS
2024-08-23,88.77057863557678,89.36139628201802,88.30776910019074,89.17430114746094,7369200,DIS
2024-08-26,89.52879187146507,90.39533141816409,89.52879187146507,90.3756332397461,8043800,DIS
2024-08-27,90.03098323592612,90.31654669952776,89.36138796225926,89.50909423828125,7237400,DIS
2024-08-28,88.9478248500155,89.23338834074713,87.40184837443667,88.12067413330078,8569700,DIS
2024-08-29,89.06597455393337,89.3121491740522,88.25852210044971,88.4357681274414,6181800,DIS
2024-08-30,88.60318163140099,89.06598365388058,88.03205465133598,88.99705505371094,8403600,DIS
2024-09-03,88.23884057092616,89.10537261889303,87.18521338825178,87.76618194580078,8465500,DIS
2024-09-04,87.58893343682482,88.64256058986356,87.46092532926724,87.88434600830078,6317200,DIS
2024-09-05,88.29792260235862,88.29792260235862,86.98827164732903,87.29353332519531,6234100,DIS
2024-09-06,87.0965817088042,87.72678816507708,86.37775599117427,86.59439086914062,7791500,DIS
2024-09-09,86.87010697373003,87.52985319684416,86.46637696359369,86.98826599121094,8750200,DIS
2024-09-10,86.97841942866395,87.5298481790398,86.63377645967905,87.04734802246094,6858300,DIS
2024-09-11,86.70270922439153,87.07689196405364,85.26504274863143,86.96857452392578,10779000,DIS
2024-09-12,86.87010231499339,87.96311824399699,86.83071347372756,87.93357849121094,7173300,DIS
2024-09-13,88.0812772460557,89.33184853999364,88.0221977404897,89.1644515991211,7084200,DIS
2024-09-16,89.70604087005559,90.95661229792329,89.5583345776687,90.44456481933594,9028600,DIS
2024-09-17,90.95660960653649,91.82314164349613,90.75966538496348,91.4391098022461,8193100,DIS
2024-09-18,92.08899952981488,92.63058670467368,91.27170549228245,92.14808654785156,10289800,DIS
2024-09-19,93.36912034418708,93.83192988520146,91.89207245379434,92.02008056640625,10912400,DIS
2024-09-20,91.77390350535512,92.5715144538035,91.39972075418135,92.31549072265625,19251500,DIS
2024-09-23,92.26625773164713,92.26625773164713,90.74982846728095,91.54743194580078,7338700,DIS
2024-09-24,91.91175819200404,92.35487704295531,91.0452261806572,92.25640869140625,7860300,DIS
2024-09-25,92.20717287234922,92.99493472810158,91.92160938745533,92.4828872680664,8408200,DIS
2024-09-26,93.01462654920422,94.32427745778277,92.73891215006219,93.74330139160156,10061600,DIS
2024-09-27,94.02886895428851,95.41729761211187,93.82208314597202,94.5409164428711,10155400,DIS
2024-09-30,95.36805203663894,96.07703618701873,93.97963100268989,94.71815490722656,7982300,DIS
2024-10-01,93.73345661575874,94.38335374689002,91.89206763768838,92.61090087890625,10099200,DIS
2024-10-02,92.15793715676341,93.13279416706256,92.15793715676341,92.7093734741211,6144200,DIS
2024-10-03,92.17762836607712,92.65027944504214,91.70496977445862,92.19731903076172,6180300,DIS
2024-10-04,92.85706907914488,93.88114888070415,92.45333909883622,93.69406127929688,6308900,DIS
2024-10-07,93.63497846456004,93.68421639551829,90.35593810944633,90.9762954711914,11043600,DIS
2024-10-08,91.10430873971283,92.30564220173791,90.28701463309999,91.09446716308594,10209100,DIS
2024-10-09,90.45441221777641,92.57151566866386,90.06053128299321,92.16778564453125,8654500,DIS
2024-10-10,92.28594902858242,92.44349688952542,91.27171072717813,91.5671157836914,6698000,DIS
2024-10-11,91.42926140051188,93.16233300011696,91.38003097923884,92.6896743774414,8089100,DIS
2024-10-14,92.73891005626591,93.73345769870593,92.36472731054319,93.5168228149414,6262000,DIS
2024-10-15,93.79253571612499,94.18641663373656,92.24655931243883,92.7782974243164,6535800,DIS
2024-10-16,92.2958057333477,95.30898113180558,92.1973298603972,95.26959228515625,9936300,DIS
2024-10-17,95.44682937433133,95.8407102911768,94.14702760759874,95.06279754638672,9542500,DIS
2024-10-18,95.5256080867201,96.04749711427064,94.58029838372508,95.79147338867188,8609700,DIS
2024-10-21,95.71269046092546,95.95886508403757,94.48181734536493,95.14157104492188,8189900,DIS
2024-10-22,94.72799699178393,95.77178255773413,94.72799699178393,95.25973510742188,5344300,DIS
2024-10-23,95.44682411706009,95.65360989666702,94.52120514035491,94.76737976074219,5388500,DIS
2024-10-24,95.12188187985645,95.31882610459664,93.7925402916396,93.94024658203125,5015300,DIS
2024-10-25,94.34396084447539,95.36804818559786,93.55620655237196,93.57589721679688,6638100,DIS
2024-10-28,93.76298890949923,95.21049685306949,93.75313982132,94.72798919677734,8146400,DIS
2024-10-29,94.78708850094262,95.14158059481868,94.21596151495851,94.65907287597656,6834400,DIS
2024-10-30,94.2356532841415,95.23020097652578,93.48728775511461,93.6251449584961,7718200,DIS
2024-10-31,93.81221932508922,95.1514098366472,93.54635404547469,94.72798919677734,8147700,DIS
2024-11-01,94.23564618388637,94.91509057268341,93.37896327208513,94.34396362304688,7944900,DIS
2024-11-04,94.36366099808993,94.55074860833204,93.57589917683273,94.32427215576172,6088000,DIS
2024-11-05,94.1371822630836,95.19080943777836,93.79253926438044,95.15142059326172,6561700,DIS
2024-11-06,96.7072433718066,98.0267433309907,96.7072433718066,97.37683868408203,11325100,DIS
2024-11-07,97.2685229608994,97.99719779479877,96.62846739169622,97.41622924804688,7805100,DIS
2024-11-08,97.2192887043375,97.74117772069992,96.11642365149272,97.50484466552734,7982100,DIS
2024-11-11,97.48516375512654,99.3560926428568,97.48516375512654,99.31670379638672,9137900,DIS
2024-11-12,99.01143990511726,99.74011471162937,97.97750344659926,99.4447021484375,9366200,DIS
2024-11-13,99.24777057966676,101.62089024610326,98.81450080129083,101.14823913574219,17701300,DIS
2024-11-14,108.64179411151392,113.05323946068607,106.7413255869947,107.45030975341797,47436100,DIS
2024-11-15,108.56301872821416,113.42743213015348,108.56301872821416,113.3191146850586,32048000,DIS
2024-11-18,111.59588754757984,113.67360207183387,111.16261778512954,111.80267333984375,14226200,DIS
2024-11-19,110.33548017205199,110.77859153312286,109.1242975990554,110.69981384277344,12166800,DIS
2024-11-20,110.54226062730129,112.61997515567087,109.76434787620357,112.51165771484375,9319300,DIS
2024-11-21,112.4033446064813,114.47121012557376,112.08824136083534,112.9646224975586,10261000,DIS
2024-11-22,112.10793350637543,114.55983090368584,111.86175885769535,113.8803939819336,10098000,DIS
2024-11-25,113.9099257639524,114.79615593969457,113.17140186960951,114.22502899169922,10397800,DIS
2024-11-26,114.22502835332881,114.63859992881264,113.67359958601703,113.68344116210938,6808100,DIS
2024-11-27,113.6834489028612,116.39137001803476,113.6834489028612,115.80055236816406,8142400,DIS
2024-11-29,115.46575296533271,115.93840405769797,114.94386394087982,115.67253875732422,5095200,DIS
2024-12-02,115.97779498010041,116.81478725202038,114.76661996062843,115.3672866821289,8390500,DIS
2024-12-03,115.2097314387538,115.43621541296177,113.68344566676863,114.66814422607422,9194000,DIS
2024-12-04,114.1954932810252,115.49529508058183,114.06747766004179,115.19988250732422,7996200,DIS
2024-12-05,114.76661463967193,115.47559125805994,114.28410695942495,114.71737670898438,9823600,DIS
2024-12-06,114.76661687882054,115.46575193483424,114.44166456031101,114.94386291503906,6677900,DIS
2024-12-09,114.60907030236362,115.38698310364728,112.16702196335173,112.85630798339844,8666100,DIS
2024-12-10,112.89569435600342,113.19109942412878,111.97992437077218,112.97447204589844,7526400,DIS
2024-12-11,112.88584773959269,113.28957777465874,112.2359505653564,112.85630798339844,6426800,DIS
2024-12-12,112.94491675117249,113.25017839965855,112.4131861638039,113.14186096191406,5285100,DIS
2024-12-13,112.57073601754013,113.20094247779052,111.56634681922031,111.60572814941406,6864500,DIS
2024-12-16,111.7639848073583,111.8332188323924,110.5078796257559,110.88372039794922,10528500,DIS
2024-12-17,109.81552922358578,112.79260732129272,109.58804923784723,111.78376007080078,12238600,DIS
2024-12-18,112.1002574834445,114.84985554493436,110.02322927389694,110.13202667236328,12292800,DIS
2024-12-19,110.43864615434012,111.67497342610584,110.03312718714842,110.15181732177734,9468500,DIS
2024-12-20,109.40012242269523,111.73430879160782,109.22209100316995,110.8045883178711,17955300,DIS
2024-12-23,110.38919011338137,110.62656283684323,109.10340673157249,110.18148803710938,6037200,DIS
2024-12-24,110.03312027263563,111.50682017510864,109.9737789820216,111.32878875732422,2475000,DIS
2024-12-26,110.89361181525133,112.0804829577595,110.63645363419558,111.31890869140625,4781400,DIS
2024-12-27,110.59689261484246,110.89361417976767,109.64739417140181,110.32984924316406,4523800,DIS
2024-12-30,109.22209525846377,110.3199544639852,108.6286596855734,109.58805084228516,5716300,DIS
2024-12-31,109.56826176482977,110.3693993844978,109.45946436636343,110.13202667236328,4757500,DIS
2025-01-02,110.47819788336757,110.97272877370663,108.96493456628087,109.60782623291016,5688100,DIS
2025-01-03,110.15181676014308,110.31995545721965,108.97483078872155,109.9441146850586,5393100,DIS
2025-01-06,110.2507236776725,111.61562629000218,109.65728808735275,109.83531951904297,6274400,DIS
2025-01-07,110.92328178926861,112.49588642085259,110.07268804211688,110.17159271240234,7878800,DIS
2025-01-08,109.78585987396625,109.89465727571495,107.45167342071821,108.5594253540039,7805300,DIS
2025-01-10,108.79680271846594,109.33089701914247,106.44283824891498,107.4615707397461,8835500,DIS
2025-01-13,106.7494434767557,107.42200582213037,105.55267956950455,106.8978042602539,6690200,DIS
2025-01-14,107.49123485455458,107.76817094638265,106.43293904881585,106.93736267089844,5501600,DIS
2025-01-15,107.97588085413315,108.40117775344288,106.8087875638839,106.99671173095703,6296900,DIS
2025-01-16,107.1055096100533,107.41211637162269,104.99881056705206,105.29552459716797,7872800,DIS
2025-01-17,105.66147151604837,106.56151380980845,105.37464269502037,105.8493881225586,7144300,DIS
2025-01-21,105.92851944244893,108.25281321091066,105.63180542393161,107.51101684570312,8643700,DIS
2025-01-22,108.35173085786397,108.35173085786397,107.04616949153079,107.61981964111328,8781700,DIS
2025-01-23,107.31320629356335,109.85509484125981,107.30331356260781,109.82542419433594,7608300,DIS
2025-01-24,109.94411990338145,112.14972362392321,109.41991077935286,110.93318176269531,8304500,DIS
2025-01-27,110.4584192521396,112.83216901957242,110.24082445444975,112.10025787353516,10176900,DIS
2025-01-28,111.6156240950433,111.72442149815572,110.33973345067807,110.91339111328125,6516800,DIS
2025-01-29,112.25851868153497,113.12889038296687,111.52661503383217,111.95191192626953,7607100,DIS
2025-01-30,112.84206217153721,113.9201435054987,111.88267852135047,112.18928527832031,6236200,DIS
2025-01-31,112.06070637892775,112.76293936031657,111.52661209464412,111.82332611083984,7793400,DIS
2025-02-03,110.13202887413902,113.34647969358954,109.64739070960889,112.75304412841797,8870700,DIS
2025-02-04,112.55523800170222,113.40583176957502,111.27934734989304,112.06070709228516,13521100,DIS
2025-02-05,114.43444953667974,117.29283759233114,109.0242877207673,109.33089447021484,23310000,DIS
2025-02-06,110.65622768315143,111.44748011446863,107.95609328722067,110.86392974853516,12470800,DIS
2025-02-07,110.38918862647579,111.31890913759743,109.59793616433703,109.64739227294922,8669300,DIS
2025-02-10,109.92433430971332,110.16170704280222,107.50113577565399,108.08467864990234,8239500,DIS
2025-02-11,107.19451569698599,107.85719284117596,106.51206818285583,107.8275146484375,7456700,DIS
2025-02-12,107.0659410197461,108.33193893022691,106.57141011434312,108.03522491455078,6521200,DIS
2025-02-13,107.72861152019068,108.5594273720852,107.3725486616563,108.39128112792969,6553200,DIS
2025-02-14,108.65833672102133,109.30122844026161,108.39128579265632,109.17264556884766,5964500,DIS
2025-02-18,108.57920522000332,108.71767327090824,107.52090937611987,108.36161041259766,8362900,DIS
2025-02-19,107.9462010643494,110.53754562045461,107.9462010643494,110.13202667236328,8452100,DIS
2025-02-20,110.02323733555593,110.30017344432837,108.18358170334704,109.34078979492188,5970100,DIS
2025-02-21,109.7858594169306,110.53754849517173,106.73954727253367,107.4714584350586,9082100,DIS
2025-02-24,107.64947909263448,110.33972830608549,107.4615624881551,109.9836654663086,7093300,DIS
2025-02-25,110.21116396294765,110.67602424703482,107.87697735693692,109.32100677490234,7289000,DIS
2025-02-26,108.85613742419079,112.01124692671783,108.85613742419079,110.60678100585938,7831600,DIS
2025-02-27,111.09143050679722,111.88268303235856,109.84521042011828,110.09247589111328,7854700,DIS
2025-02-28,110.24082826081666,112.7431534287647,109.78586073445726,112.55523681640625,14609400,DIS
2025-03-03,112.8222799482311,114.28609474184033,110.77492231092931,111.55628204345703,7884700,DIS
2025-03-04,110.47820583274208,111.02219286963422,107.08572337907499,107.81763458251953,12658000,DIS
2025-03-05,108.14401238215764,109.72651728123782,107.03626800793263,108.11434173583984,9956100,DIS
2025-03-06,107.19451612179827,107.6395984633264,103.87126784053645,104.27678680419922,11618800,DIS
2025-03-07,103.85149522318636,104.61306953460807,102.17997826632089,104.35591888427734,12715900,DIS
2025-03-10,103.2877236758952,103.65367925701753,100.99310061061796,101.9524917602539,10947100,DIS
2025-03-11,98.69848122911793,99.93480852047485,96.38407261580747,96.82915496826172,16906000,DIS
2025-03-12,97.60062177765583,98.40175944600449,95.32577654814791,97.67974853515625,11891800,DIS
2025-03-13,96.70056673896094,97.57094593322121,94.88069668903951,95.81041717529297,11059500,DIS
2025-03-14,96.37418687001137,98.01602557949354,96.35440140773669,97.5610580444336,10199800,DIS
2025-03-17,97.65996466824865,99.02487484662866,97.58084545539862,98.27318572998047,8332100,DIS
2025-03-18,98.18416364856868,98.63913872664965,97.4028114504234,98.26329040527344,6727000,DIS
2025-03-19,98.56990978940146,99.85568569548546,98.38198561901233,99.1930160522461,8614600,DIS
2025-03-20,98.4808813362024,98.95563431179785,97.56105357706454,97.77864837646484,7836500,DIS
2025-03-21,97.30390456445419,98.79739010885216,96.68079829962534,98.3720932006836,15089900,DIS
2025-03-24,99.12377663508016,99.34137144245197,97.7786519585479,99.08421325683594,8224400,DIS
2025-03-25,99.54907485048794,100.64693408713747,99.31170212379,100.49857330322266,7365200,DIS
2025-03-26,100.58758552817395,101.15135047187736,99.16334161804805,99.67765045166016,6314000,DIS
2025-03-27,99.608415511638,99.92491499386828,98.49077836568732,99.35125732421875,6598800,DIS
2025-03-28,98.95563727218817,99.29191466609062,96.67089935607648,96.9972915649414,7679700,DIS
2025-03-31,95.77085868481724,97.76876025859244,94.6532139889738,97.62039947509766,10554000,DIS
